[
{
    "model": "semester.semester",
    "pk": 8,
    "fields": {
        "semester": "1",
        "year": "1"
    }
},
{
    "model": "semester.semester",
    "pk": 9,
    "fields": {
        "semester": "2",
        "year": "1"
    }
},
{
    "model": "semester.semester",
    "pk": 10,
    "fields": {
        "semester": "3",
        "year": "2"
    }
},
{
    "model": "semester.semester",
    "pk": 11,
    "fields": {
        "semester": "4",
        "year": "2"
    }
},
{
    "model": "semester.semester",
    "pk": 12,
    "fields": {
        "semester": "5",
        "year": "3"
    }
},
{
    "model": "semester.semester",
    "pk": 13,
    "fields": {
        "semester": "6",
        "year": "3"
    }
}
]
