[
{
    "model": "subject.subject",
    "pk": 5,
    "fields": {
        "subject_name": "Imperative Programming",
        "semester": 8
    }
},
{
    "model": "subject.subject",
    "pk": 6,
    "fields": {
        "subject_name": "Digital Electronics",
        "semester": 8
    }
},
{
    "model": "subject.subject",
    "pk": 7,
    "fields": {
        "subject_name": "Operating Systems",
        "semester": 8
    }
},
{
    "model": "subject.subject",
    "pk": 8,
    "fields": {
        "subject_name": "Discrete Mathematics",
        "semester": 8
    }
},
{
    "model": "subject.subject",
    "pk": 9,
    "fields": {
        "subject_name": "Communication Skills",
        "semester": 8
    }
},
{
    "model": "subject.subject",
    "pk": 10,
    "fields": {
        "subject_name": "Imperative Programming Practical",
        "semester": 8
    }
},
{
    "model": "subject.subject",
    "pk": 11,
    "fields": {
        "subject_name": "Digital Electronics Practical",
        "semester": 8
    }
},
{
    "model": "subject.subject",
    "pk": 12,
    "fields": {
        "subject_name": "Operating Systems Practical",
        "semester": 8
    }
},
{
    "model": "subject.subject",
    "pk": 13,
    "fields": {
        "subject_name": "Discrete Mathematics Practical",
        "semester": 8
    }
},
{
    "model": "subject.subject",
    "pk": 14,
    "fields": {
        "subject_name": "Communication Skills Practical",
        "semester": 8
    }
},
{
    "model": "subject.subject",
    "pk": 15,
    "fields": {
        "subject_name": "Object oriented Programming",
        "semester": 9
    }
},
{
    "model": "subject.subject",
    "pk": 18,
    "fields": {
        "subject_name": "Microprocessor Architecture",
        "semester": 9
    }
},
{
    "model": "subject.subject",
    "pk": 19,
    "fields": {
        "subject_name": "Web Programming",
        "semester": 9
    }
},
{
    "model": "subject.subject",
    "pk": 20,
    "fields": {
        "subject_name": "Numerical and Statistical Methods",
        "semester": 9
    }
},
{
    "model": "subject.subject",
    "pk": 22,
    "fields": {
        "subject_name": "Green Computing",
        "semester": 9
    }
},
{
    "model": "subject.subject",
    "pk": 23,
    "fields": {
        "subject_name": "Object Oriented Programming Practical",
        "semester": 9
    }
},
{
    "model": "subject.subject",
    "pk": 24,
    "fields": {
        "subject_name": "Microprocessor Architecture Practical",
        "semester": 9
    }
},
{
    "model": "subject.subject",
    "pk": 25,
    "fields": {
        "subject_name": "Web Programming Practical",
        "semester": 9
    }
},
{
    "model": "subject.subject",
    "pk": 26,
    "fields": {
        "subject_name": "Numerical and Statistical Methods Practical",
        "semester": 9
    }
},
{
    "model": "subject.subject",
    "pk": 27,
    "fields": {
        "subject_name": "Green Computing Practical",
        "semester": 9
    }
},
{
    "model": "subject.subject",
    "pk": 28,
    "fields": {
        "subject_name": "Python Programming",
        "semester": 10
    }
},
{
    "model": "subject.subject",
    "pk": 29,
    "fields": {
        "subject_name": "Data Structures",
        "semester": 10
    }
},
{
    "model": "subject.subject",
    "pk": 30,
    "fields": {
        "subject_name": "Computer Networks",
        "semester": 10
    }
},
{
    "model": "subject.subject",
    "pk": 31,
    "fields": {
        "subject_name": "Database Management Systems",
        "semester": 10
    }
},
{
    "model": "subject.subject",
    "pk": 32,
    "fields": {
        "subject_name": "Applied Mathematics",
        "semester": 10
    }
},
{
    "model": "subject.subject",
    "pk": 33,
    "fields": {
        "subject_name": "Python Programming Practical",
        "semester": 10
    }
},
{
    "model": "subject.subject",
    "pk": 34,
    "fields": {
        "subject_name": "Data Structure Practical",
        "semester": 10
    }
},
{
    "model": "subject.subject",
    "pk": 35,
    "fields": {
        "subject_name": "Computer Networks Practical",
        "semester": 10
    }
},
{
    "model": "subject.subject",
    "pk": 36,
    "fields": {
        "subject_name": "Database Management System Practicals",
        "semester": 10
    }
},
{
    "model": "subject.subject",
    "pk": 37,
    "fields": {
        "subject_name": "Mobile Programming Practical",
        "semester": 10
    }
},
{
    "model": "subject.subject",
    "pk": 38,
    "fields": {
        "subject_name": "Core Java",
        "semester": 11
    }
},
{
    "model": "subject.subject",
    "pk": 39,
    "fields": {
        "subject_name": "Introduction to Embedded Systems",
        "semester": 11
    }
},
{
    "model": "subject.subject",
    "pk": 40,
    "fields": {
        "subject_name": "Computer Oriented Statistical Techniques",
        "semester": 11
    }
},
{
    "model": "subject.subject",
    "pk": 41,
    "fields": {
        "subject_name": "Software Engineering",
        "semester": 11
    }
},
{
    "model": "subject.subject",
    "pk": 42,
    "fields": {
        "subject_name": "Computer Graphics and Animation",
        "semester": 11
    }
},
{
    "model": "subject.subject",
    "pk": 43,
    "fields": {
        "subject_name": "Core Java Practical",
        "semester": 11
    }
},
{
    "model": "subject.subject",
    "pk": 44,
    "fields": {
        "subject_name": "Introduction to Embedded System Practical",
        "semester": 11
    }
},
{
    "model": "subject.subject",
    "pk": 45,
    "fields": {
        "subject_name": "Computer Oriented Statistical Techinques Practical",
        "semester": 11
    }
},
{
    "model": "subject.subject",
    "pk": 46,
    "fields": {
        "subject_name": "Software Engineering Practical",
        "semester": 11
    }
},
{
    "model": "subject.subject",
    "pk": 47,
    "fields": {
        "subject_name": "Computer Graphics and Animation Practical",
        "semester": 11
    }
},
{
    "model": "subject.subject",
    "pk": 48,
    "fields": {
        "subject_name": "Software Project Management",
        "semester": 12
    }
},
{
    "model": "subject.subject",
    "pk": 49,
    "fields": {
        "subject_name": "Advanced Web Programming",
        "semester": 12
    }
},
{
    "model": "subject.subject",
    "pk": 50,
    "fields": {
        "subject_name": "Internet of Things",
        "semester": 12
    }
},
{
    "model": "subject.subject",
    "pk": 51,
    "fields": {
        "subject_name": "Artificial Intelligence",
        "semester": 12
    }
},
{
    "model": "subject.subject",
    "pk": 52,
    "fields": {
        "subject_name": "Linux Administration",
        "semester": 12
    }
},
{
    "model": "subject.subject",
    "pk": 53,
    "fields": {
        "subject_name": "Enterprise Java",
        "semester": 12
    }
},
{
    "model": "subject.subject",
    "pk": 54,
    "fields": {
        "subject_name": "Next Generation Technologies",
        "semester": 12
    }
},
{
    "model": "subject.subject",
    "pk": 55,
    "fields": {
        "subject_name": "Project Dissertation",
        "semester": 12
    }
},
{
    "model": "subject.subject",
    "pk": 56,
    "fields": {
        "subject_name": "Internet of Things Practical",
        "semester": 12
    }
},
{
    "model": "subject.subject",
    "pk": 57,
    "fields": {
        "subject_name": "Advanced Web Programming Practical",
        "semester": 12
    }
},
{
    "model": "subject.subject",
    "pk": 58,
    "fields": {
        "subject_name": "Artificial Intelligence Practical",
        "semester": 12
    }
},
{
    "model": "subject.subject",
    "pk": 59,
    "fields": {
        "subject_name": "Linux Administration Practical",
        "semester": 12
    }
},
{
    "model": "subject.subject",
    "pk": 60,
    "fields": {
        "subject_name": "Enterprise Java Practical",
        "semester": 12
    }
},
{
    "model": "subject.subject",
    "pk": 61,
    "fields": {
        "subject_name": "Next Generation Technologies Practical",
        "semester": 12
    }
},
{
    "model": "subject.subject",
    "pk": 62,
    "fields": {
        "subject_name": "Software Quality Assurance",
        "semester": 13
    }
},
{
    "model": "subject.subject",
    "pk": 63,
    "fields": {
        "subject_name": "Security in Computing",
        "semester": 13
    }
},
{
    "model": "subject.subject",
    "pk": 64,
    "fields": {
        "subject_name": "Business Intelligence",
        "semester": 13
    }
},
{
    "model": "subject.subject",
    "pk": 65,
    "fields": {
        "subject_name": "Principles of Geographic Information Systems",
        "semester": 13
    }
},
{
    "model": "subject.subject",
    "pk": 66,
    "fields": {
        "subject_name": "Enterprise Networking",
        "semester": 13
    }
},
{
    "model": "subject.subject",
    "pk": 67,
    "fields": {
        "subject_name": "IT Service Management",
        "semester": 13
    }
},
{
    "model": "subject.subject",
    "pk": 68,
    "fields": {
        "subject_name": "Cyber Laws",
        "semester": 13
    }
},
{
    "model": "subject.subject",
    "pk": 69,
    "fields": {
        "subject_name": "Project Implementation",
        "semester": 13
    }
},
{
    "model": "subject.subject",
    "pk": 70,
    "fields": {
        "subject_name": "Security in Computing Practical",
        "semester": 13
    }
},
{
    "model": "subject.subject",
    "pk": 71,
    "fields": {
        "subject_name": "Business Intelligence Practical",
        "semester": 13
    }
},
{
    "model": "subject.subject",
    "pk": 72,
    "fields": {
        "subject_name": "Enterprise Networking Practical",
        "semester": 13
    }
},
{
    "model": "subject.subject",
    "pk": 73,
    "fields": {
        "subject_name": "Advanced Mobile Programming",
        "semester": 13
    }
},
{
    "model": "subject.subject",
    "pk": 74,
    "fields": {
        "subject_name": "Software Quality Assurance",
        "semester": 13
    }
},
{
    "model": "subject.subject",
    "pk": 75,
    "fields": {
        "subject_name": "Principles of Geographic Information Systems Practical",
        "semester": 13
    }
}
]
